{"cameraMode":{"drawMode":0,"name":"Shaded","section":"Shading Mode"},"sceneLighting":false,"audioPlay":false,"sceneViewState":{"showFog":true,"showMaterialUpdate":false,"showSkybox":false,"showFlares":true,"showImageEffects":true,"showParticleSystems":true},"in2DMode":false,"pivot":{"x":-2.799999952316284,"y":-10.979999542236329,"z":0.0},"rotation":{"x":-0.007025531027466059,"y":-0.21285828948020936,"z":-0.00153055926784873,"w":0.9770568013191223},"size":3.567354679107666,"orthographic":false}